,Team,Group,Position,Name,DOB,Caps,Goals,Country and Club
0,Egypt,A,DF,Ahmed Elmohamady,1987-09-09,76,2,England Aston Villa
1,Egypt,A,DF,Ahmed Fathy,1984-11-10,124,3,Egypt Al Ahly
2,Egypt,A,DF,Ahmed Hegazi,1991-01-25,43,1,England West Bromwich Albion
3,Egypt,A,DF,Ali Gabr,1993-07-28,20,1,England West Bromwich Albion
4,Egypt,A,DF,Ayman Ashraf,1991-04-09,4,0,Egypt Al Ahly
5,Egypt,A,DF,Mahmoud Hamdy,1995-06-01,0,0,Egypt Zamalek
6,Egypt,A,DF,Mohamed Abdel-Shafy,1985-07-01,49,1,Saudi Arabia Al Fateh
7,Egypt,A,DF,Omar Gaber,1992-01-30,23,0,United States Los Angeles FC
8,Egypt,A,DF,Saad Samir,1989-04-01,10,0,Egypt Al Ahly
9,Egypt,A,FW,Marwan Mohsen,1989-02-26,22,4,Egypt Al Ahly
10,Egypt,A,FW,Mohamed Salah,1992-06-15,57,33,England Liverpool
11,Egypt,A,GK,Essam El-Hadary (captain),1973-01-15,156,0,Saudi Arabia Al Taawoun
12,Egypt,A,GK,Mohamed El-Shenawy,1988-12-18,1,0,Egypt Al Ahly
13,Egypt,A,GK,Sherif Ekramy,1983-07-01,22,0,Egypt Al Ahly
14,Egypt,A,MF,Abdallah Said,1985-07-13,34,6,Finland KuPS
15,Egypt,A,MF,Amr Warda,1993-09-13,14,0,Greece Atromitos
16,Egypt,A,MF,Kahraba,1994-04-13,17,3,Saudi Arabia Al Ittihad
17,Egypt,A,MF,Mohamed Elneny,1992-07-11,60,5,England Arsenal
18,Egypt,A,MF,Ramadan Sobhi,1997-01-23,21,1,England Stoke City
19,Egypt,A,MF,Sam Morsy,1991-09-10,3,0,England Wigan Athletic
20,Egypt,A,MF,Shikabala,1986-03-05,28,2,Saudi Arabia Al Raed
21,Egypt,A,MF,Tarek Hamed,1988-10-24,19,0,Egypt Zamalek
22,Egypt,A,MF,Trézéguet,1994-10-01,23,2,Turkey Kasımpaşa
23,Russia,A,DF,Andrei Semyonov,1989-03-24,6,0,Russia Akhmat Grozny
24,Russia,A,DF,Fyodor Kudryashov,1987-04-05,17,0,Russia Rubin Kazan
25,Russia,A,DF,Igor Smolnikov,1988-08-08,25,0,Russia Zenit Saint Petersburg
26,Russia,A,DF,Ilya Kutepov,1993-07-29,6,0,Russia Spartak Moscow
27,Russia,A,DF,Mário Fernandes,1990-09-19,3,0,Russia CSKA Moscow
28,Russia,A,DF,Sergei Ignashevich,1979-07-14,120,8,Russia CSKA Moscow
29,Russia,A,DF,Vladimir Granat,1987-05-22,11,1,Russia Rubin Kazan
30,Russia,A,FW,Aleksei Miranchuk,1995-10-17,16,4,Russia Lokomotiv Moscow
31,Russia,A,FW,Artem Dzyuba,1988-08-22,22,11,Russia Arsenal Tula
32,Russia,A,FW,Fyodor Smolov,1990-02-05,30,12,Russia Krasnodar
33,Russia,A,GK,Andrey Lunyov,1991-11-13,3,0,Russia Zenit Saint Petersburg
34,Russia,A,GK,Igor Akinfeev (captain),1986-04-08,104,0,Russia CSKA Moscow
35,Russia,A,GK,Vladimir Gabulov,1983-10-19,10,0,Belgium Club Brugge
36,Russia,A,MF,Alan Dzagoev,1990-06-17,55,9,Russia CSKA Moscow
37,Russia,A,MF,Aleksandr Golovin,1996-05-30,17,2,Russia CSKA Moscow
38,Russia,A,MF,Aleksandr Samedov,1984-07-19,46,6,Russia Spartak Moscow
39,Russia,A,MF,Aleksandr Yerokhin,1989-10-13,17,0,Russia Zenit Saint Petersburg
40,Russia,A,MF,Anton Miranchuk,1995-10-17,4,0,Russia Lokomotiv Moscow
41,Russia,A,MF,Daler Kuzyayev,1993-01-15,4,0,Russia Zenit Saint Petersburg
42,Russia,A,MF,Denis Cheryshev,1990-12-26,10,0,Spain Villarreal
43,Russia,A,MF,Roman Zobnin,1994-02-11,10,0,Russia Spartak Moscow
44,Russia,A,MF,Yuri Zhirkov,1983-08-20,82,2,Russia Zenit Saint Petersburg
45,Russia,A,MF,Yury Gazinsky,1989-07-20,5,0,Russia Krasnodar
46,Saudi Arabia,A,DF,Ali Al Bulaihi,1989-11-21,1,0,Saudi Arabia Al-Hilal
47,Saudi Arabia,A,DF,Mansoor Al-Harbi,1987-10-19,37,1,Saudi Arabia Al-Ahli
48,Saudi Arabia,A,DF,Mohammed Al-Breik,1992-09-15,9,1,Saudi Arabia Al-Hilal
49,Saudi Arabia,A,DF,Motaz Hawsawi,1992-02-17,15,0,Saudi Arabia Al-Ahli
50,Saudi Arabia,A,DF,Omar Hawsawi,1985-09-27,40,3,Saudi Arabia Al-Nassr
51,Saudi Arabia,A,DF,Osama Hawsawi (captain),1984-03-31,133,7,Saudi Arabia Al-Hilal
52,Saudi Arabia,A,DF,Yasser Al-Shahrani,1992-05-25,34,0,Saudi Arabia Al-Hilal
53,Saudi Arabia,A,FW,Fahad Al-Muwallad,1994-09-14,42,10,Spain Levante
54,Saudi Arabia,A,FW,Mohammad Al-Sahlawi,1987-01-10,38,28,Saudi Arabia Al-Nassr
55,Saudi Arabia,A,FW,Muhannad Assiri,1986-10-14,17,4,Saudi Arabia Al-Ahli
56,Saudi Arabia,A,GK,Abdullah Al-Mayouf,1987-01-23,9,0,Saudi Arabia Al-Hilal
57,Saudi Arabia,A,GK,Mohammed Al-Owais,1991-10-10,5,0,Saudi Arabia Al-Ahli
58,Saudi Arabia,A,GK,Yasser Al Mosailem,1984-02-27,32,0,Saudi Arabia Al-Ahli
59,Saudi Arabia,A,MF,Abdullah Al-Khaibari,1996-08-16,3,0,Saudi Arabia Al-Shabab
60,Saudi Arabia,A,MF,Abdullah Otayf,1992-08-03,14,1,Saudi Arabia Al-Hilal
61,Saudi Arabia,A,MF,Abdulmalek Al-Khaibri,1986-03-13,35,0,Saudi Arabia Al-Hilal
62,Saudi Arabia,A,MF,Hattan Bahebri,1992-07-16,3,0,Saudi Arabia Al-Shabab
63,Saudi Arabia,A,MF,Housain Al-Mogahwi,1988-01-28,15,1,Saudi Arabia Al-Ahli
64,Saudi Arabia,A,MF,Mohamed Kanno,1994-09-22,5,1,Saudi Arabia Al-Hilal
65,Saudi Arabia,A,MF,Salem Al-Dawsari,1991-08-19,30,4,Spain Villarreal
66,Saudi Arabia,A,MF,Salman Al-Faraj,1989-08-01,40,3,Saudi Arabia Al-Hilal
67,Saudi Arabia,A,MF,Taisir Al-Jassim,1984-07-25,129,18,Saudi Arabia Al-Ahli
68,Saudi Arabia,A,MF,Yahya Al-Shehri,1990-06-26,55,7,Spain Leganés
69,Uruguay,A,DF,Diego Godín (captain),1986-02-16,115,8,Spain Atlético Madrid
70,Uruguay,A,DF,Gastón Silva,1994-03-05,17,0,Argentina Independiente
71,Uruguay,A,DF,Guillermo Varela,1993-03-24,3,0,Uruguay Peñarol
72,Uruguay,A,DF,José Giménez,1995-01-20,41,4,Spain Atlético Madrid
73,Uruguay,A,DF,Martín Cáceres,1987-04-07,75,4,Italy Lazio
74,Uruguay,A,DF,Maxi Pereira,1984-06-08,124,3,Portugal Porto
75,Uruguay,A,DF,Sebastián Coates,1990-10-07,30,1,Portugal Sporting CP
76,Uruguay,A,FW,Cristhian Stuani,1986-12-10,40,5,Spain Girona
77,Uruguay,A,FW,Edinson Cavani,1987-02-14,100,42,France Paris Saint-Germain
78,Uruguay,A,FW,Luis Suárez,1987-01-24,97,50,Spain Barcelona
79,Uruguay,A,FW,Maxi Gómez,1996-08-14,4,0,Spain Celta Vigo
80,Uruguay,A,GK,Fernando Muslera,1986-06-16,96,0,Turkey Galatasaray
81,Uruguay,A,GK,Martín Campaña,1989-05-29,1,0,Argentina Independiente
82,Uruguay,A,GK,Martín Silva,1983-03-23,11,0,Brazil Vasco da Gama
83,Uruguay,A,MF,Carlos Sánchez,1984-12-02,35,1,Mexico Monterrey
84,Uruguay,A,MF,Cristian Rodríguez,1985-09-30,104,11,Uruguay Peñarol
85,Uruguay,A,MF,Diego Laxalt,1993-02-07,5,0,Italy Genoa
86,Uruguay,A,MF,Giorgian De Arrascaeta,1994-05-01,13,1,Brazil Cruzeiro
87,Uruguay,A,MF,Jonathan Urretaviscaya,1990-03-19,4,0,Mexico Monterrey
88,Uruguay,A,MF,Lucas Torreira,1996-02-11,2,0,Italy Sampdoria
89,Uruguay,A,MF,Matías Vecino,1991-08-24,21,1,Italy Internazionale
90,Uruguay,A,MF,Nahitan Nández,1995-12-28,11,0,Argentina Boca Juniors
91,Uruguay,A,MF,Rodrigo Bentancur,1997-06-05,6,0,Italy Juventus
92,Iran,B,DF,Majid Hosseini,1996-06-20,0,0,Iran Esteghlal
93,Iran,B,DF,Milad Mohammadi,1993-09-29,16,0,Russia Akhmat Grozny
94,Iran,B,DF,Mohammad Reza Khanzadeh,1991-05-11,10,1,Iran Padideh
95,Iran,B,DF,Morteza Pouraliganji,1992-04-19,25,2,Qatar Al-Sadd
96,Iran,B,DF,Pejman Montazeri,1983-09-06,45,1,Iran Esteghlal
97,Iran,B,DF,Ramin Rezaeian,1990-03-21,26,2,Belgium Oostende
98,Iran,B,DF,Rouzbeh Cheshmi,1993-07-24,7,0,Iran Esteghlal
99,Iran,B,FW,Alireza Jahanbakhsh,1993-08-11,36,4,Netherlands AZ
100,Iran,B,FW,Karim Ansarifard,1990-04-03,61,16,Greece Olympiacos
101,Iran,B,FW,Mehdi Taremi,1992-07-18,23,11,Qatar Al-Gharafa
102,Iran,B,FW,Reza Ghoochannejhad,1987-09-20,40,17,Netherlands Heerenveen
103,Iran,B,FW,Sardar Azmoun,1995-01-01,31,23,Russia Rubin Kazan
104,Iran,B,GK,Alireza Beiranvand,1992-09-21,20,0,Iran Persepolis
105,Iran,B,GK,Amir Abedzadeh,1993-04-26,0,0,Portugal Marítimo
106,Iran,B,GK,Mohammad Rashid Mazaheri,1989-05-18,3,0,Iran Zob Ahan Esfahan
107,Iran,B,MF,Ashkan Dejagah,1986-06-05,44,8,England Nottingham Forest
108,Iran,B,MF,Ehsan Hajsafi,1990-02-25,91,6,Greece Olympiacos
109,Iran,B,MF,Masoud Shojaei (captain),1984-06-09,72,8,Greece AEK Athens
110,Iran,B,MF,Mehdi Torabi,1994-09-10,14,4,Iran Saipa
111,Iran,B,MF,Omid Ebrahimi,1987-09-16,28,0,Iran Esteghlal
112,Iran,B,MF,Saeid Ezatolahi,1996-10-01,24,1,Russia Amkar Perm
113,Iran,B,MF,Saman Ghoddos,1993-09-06,6,1,Sweden Östersund
114,Iran,B,MF,Vahid Amiri,1988-04-02,33,1,Iran Persepolis
115,Morocco,B,DF,Achraf Hakimi,1998-11-04,7,1,Spain Real Madrid
116,Morocco,B,DF,Hamza Mendyl,1997-10-21,11,0,France Lille
117,Morocco,B,DF,Manuel da Costa,1986-05-06,25,1,Turkey İstanbul Başakşehir
118,Morocco,B,DF,Medhi Benatia (captain),1987-04-17,54,2,Italy Juventus
119,Morocco,B,DF,Nabil Dirar,1986-02-25,34,3,Turkey Fenerbahçe
120,Morocco,B,DF,Romain Saïss,1990-03-26,21,1,England Wolverhampton Wanderers
121,Morocco,B,FW,Ayoub El Kaabi,1993-06-26,8,10,Morocco RS Berkane
122,Morocco,B,FW,Aziz Bouhaddouz,1987-01-29,13,3,Germany FC St. Pauli
123,Morocco,B,FW,Khalid Boutaïb,1987-04-24,15,7,Turkey Yeni Malatyaspor
124,Morocco,B,FW,Youssef En-Nesyri,1997-06-01,15,1,Spain Málaga
125,Morocco,B,GK,Ahmed Reda Tagnaouti,1996-04-05,2,0,Morocco IR Tanger
126,Morocco,B,GK,Munir Mohamedi,1989-05-10,25,0,Spain Numancia
127,Morocco,B,GK,Yassine Bounou,1991-04-05,10,0,Spain Girona
128,Morocco,B,MF,Amine Harit,1997-06-18,3,0,Germany Schalke 04
129,Morocco,B,MF,Fayçal Fajr,1988-08-01,21,2,Spain Getafe
130,Morocco,B,MF,Hakim Ziyech,1993-03-19,15,8,Netherlands Ajax
131,Morocco,B,MF,Karim El Ahmadi,1985-01-27,48,1,Netherlands Feyenoord
132,Morocco,B,MF,Mbark Boussoufa,1984-08-15,56,7,United Arab Emirates Al-Jazira
133,Morocco,B,MF,Mehdi Carcela,1989-07-01,19,1,Belgium Standard Liège
134,Morocco,B,MF,Nordin Amrabat,1987-03-31,41,4,Spain Leganés
135,Morocco,B,MF,Sofyan Amrabat,1996-08-21,4,0,Netherlands Feyenoord
136,Morocco,B,MF,Younès Belhanda,1990-02-25,44,3,Turkey Galatasaray
137,Morocco,B,MF,Youssef Aït Bennasser,1996-07-07,11,0,France Caen
138,Portugal,B,DF,Bruno Alves,1981-11-27,95,11,Scotland Rangers
139,Portugal,B,DF,Cédric,1991-08-31,26,1,England Southampton
140,Portugal,B,DF,José Fonte,1983-12-22,28,0,China Dalian Yifang
141,Portugal,B,DF,Mário Rui,1991-05-27,1,0,Italy Napoli
142,Portugal,B,DF,Pepe,1983-02-26,92,5,Turkey Beşiktaş
143,Portugal,B,DF,Raphaël Guerreiro,1993-12-22,21,2,Germany Borussia Dortmund
144,Portugal,B,DF,Ricardo Pereira,1993-10-06,3,0,Portugal Porto
145,Portugal,B,DF,Rúben Dias,1997-05-14,0,0,Portugal Benfica
146,Portugal,B,FW,André Silva,1995-11-06,20,11,Italy Milan
147,Portugal,B,FW,Cristiano Ronaldo (captain),1985-02-05,149,81,Spain Real Madrid
148,Portugal,B,FW,Gelson Martins,1995-05-11,17,0,Portugal Sporting CP
149,Portugal,B,FW,Gonçalo Guedes,1996-11-29,7,1,Spain Valencia
150,Portugal,B,FW,Ricardo Quaresma,1983-09-26,74,9,Turkey Beşiktaş
151,Portugal,B,GK,Anthony Lopes,1990-10-01,6,0,France Lyon
152,Portugal,B,GK,Beto,1982-06-01,13,0,Turkey Göztepe
153,Portugal,B,GK,Rui Patrício,1988-02-15,68,0,Portugal Sporting CP
154,Portugal,B,MF,Adrien Silva,1989-03-15,21,1,England Leicester City
155,Portugal,B,MF,Bernardo Silva,1994-08-10,22,2,England Manchester City
156,Portugal,B,MF,Bruno Fernandes,1994-09-08,4,0,Portugal Sporting CP
157,Portugal,B,MF,João Mário,1993-01-19,33,1,England West Ham United
158,Portugal,B,MF,João Moutinho,1986-09-08,107,7,France Monaco
159,Portugal,B,MF,Manuel Fernandes,1986-02-05,12,3,Russia Lokomotiv Moscow
160,Portugal,B,MF,William Carvalho,1992-04-07,40,2,Portugal Sporting CP
161,Spain,B,DF,Álvaro Odriozola,1995-12-14,2,0,Spain Real Sociedad
162,Spain,B,DF,César Azpilicueta,1989-08-28,21,0,England Chelsea
163,Spain,B,DF,Dani Carvajal,1992-01-11,15,0,Spain Real Madrid
164,Spain,B,DF,Gerard Piqué,1987-02-02,96,5,Spain Barcelona
165,Spain,B,DF,Jordi Alba,1989-03-21,60,8,Spain Barcelona
166,Spain,B,DF,Nacho,1990-01-18,15,0,Spain Real Madrid
167,Spain,B,DF,Nacho Monreal,1986-02-26,21,1,England Arsenal
168,Spain,B,DF,Sergio Ramos (captain),1986-03-30,151,13,Spain Real Madrid
169,Spain,B,FW,Diego Costa,1988-10-07,18,7,Spain Atlético Madrid
170,Spain,B,FW,Iago Aspas,1987-08-01,8,4,Spain Celta Vigo
171,Spain,B,FW,Lucas Vázquez,1991-07-01,5,0,Spain Real Madrid
172,Spain,B,FW,Marco Asensio,1996-01-21,10,0,Spain Real Madrid
173,Spain,B,FW,Rodrigo,1991-03-06,4,2,Spain Valencia
174,Spain,B,GK,David de Gea,1990-11-07,27,0,England Manchester United
175,Spain,B,GK,Kepa Arrizabalaga,1994-10-03,1,0,Spain Athletic Bilbao
176,Spain,B,GK,Pepe Reina,1982-08-31,36,0,Italy Napoli
177,Spain,B,MF,Andrés Iniesta,1984-05-11,125,14,Spain Barcelona
178,Spain,B,MF,David Silva,1986-01-08,119,35,England Manchester City
179,Spain,B,MF,Isco,1992-04-21,27,10,Spain Real Madrid
180,Spain,B,MF,Koke,1992-01-08,38,0,Spain Atlético Madrid
181,Spain,B,MF,Saúl,1994-11-21,9,0,Spain Atlético Madrid
182,Spain,B,MF,Sergio Busquets,1988-07-16,102,2,Spain Barcelona
183,Spain,B,MF,Thiago,1991-04-11,27,2,Germany Bayern Munich
184,Australia,C,DF,Aziz Behich,1990-10-16,21,2,Turkey Bursaspor
185,Australia,C,DF,James Meredith,1988-04-04,2,0,England Millwall
186,Australia,C,DF,Josh Risdon,1992-07-27,6,0,Australia Western Sydney Wanderers
187,Australia,C,DF,Matthew Jurman,1989-12-08,4,0,South Korea Suwon Samsung Bluewings
188,Australia,C,DF,Milos Degenek,1994-04-28,17,0,Japan Yokohama F. Marinos
189,Australia,C,DF,Trent Sainsbury,1992-01-05,33,3,Switzerland Grasshoppers
190,Australia,C,FW,Andrew Nabbout,1992-12-17,2,0,Japan Urawa Red Diamonds
191,Australia,C,FW,Jamie Maclaren,1993-07-29,6,0,Scotland Hibernian
192,Australia,C,FW,Mathew Leckie,1991-02-04,51,6,Germany Hertha BSC
193,Australia,C,FW,Robbie Kruse,1988-10-05,62,5,Germany VfL Bochum
194,Australia,C,FW,Tim Cahill,1979-12-06,105,50,England Millwall
195,Australia,C,FW,Tomi Juric,1991-07-22,34,8,Switzerland Luzern
196,Australia,C,GK,Brad Jones,1982-03-19,5,0,Netherlands Feyenoord
197,Australia,C,GK,Danny Vukovic,1985-03-27,1,0,Belgium Genk
198,Australia,C,GK,Mathew Ryan,1992-04-08,42,0,England Brighton & Hove Albion
199,Australia,C,MF,Aaron Mooy,1990-09-15,32,5,England Huddersfield Town
200,Australia,C,MF,Daniel Arzani,1999-01-04,0,0,Australia Melbourne City
201,Australia,C,MF,Dimitri Petratos,1992-11-10,1,0,Australia Newcastle Jets
202,Australia,C,MF,Jackson Irvine,1993-03-07,17,2,England Hull City
203,Australia,C,MF,Mark Milligan,1985-08-04,69,6,Saudi Arabia Al-Ahli
204,Australia,C,MF,Massimo Luongo,1992-09-25,34,5,England Queens Park Rangers
205,Australia,C,MF,Mile Jedinak (captain),1984-08-03,75,18,England Aston Villa
206,Australia,C,MF,Tom Rogic,1992-12-16,35,7,Scotland Celtic
207,Denmark,C,DF,Andreas Christensen,1996-04-10,14,1,England Chelsea
208,Denmark,C,DF,Henrik Dalsgaard,1989-07-27,9,0,England Brentford
209,Denmark,C,DF,Jannik Vestergaard,1992-08-03,15,1,Germany Borussia Mönchengladbach
210,Denmark,C,DF,Jens Stryger Larsen,1991-02-21,11,1,Italy Udinese
211,Denmark,C,DF,Jonas Knudsen,1992-09-16,3,0,England Ipswich Town
212,Denmark,C,DF,Mathias Jørgensen,1990-04-23,12,0,England Huddersfield Town
213,Denmark,C,DF,Simon Kjær (captain),1989-03-26,76,3,Spain Sevilla
214,Denmark,C,FW,Andreas Cornelius,1993-03-16,18,4,Italy Atalanta
215,Denmark,C,FW,Kasper Dolberg,1997-10-06,4,1,Netherlands Ajax
216,Denmark,C,FW,Martin Braithwaite,1991-06-05,18,1,France Bordeaux
217,Denmark,C,FW,Nicolai Jørgensen,1991-01-15,29,8,Netherlands Feyenoord
218,Denmark,C,FW,Viktor Fischer,1994-06-09,17,3,Denmark Copenhagen
219,Denmark,C,FW,Yussuf Poulsen,1994-06-15,26,3,Germany RB Leipzig
220,Denmark,C,GK,Frederik Rønnow,1992-08-04,6,0,Denmark Brøndby
221,Denmark,C,GK,Jonas Lössl,1989-02-01,1,0,England Huddersfield Town
222,Denmark,C,GK,Kasper Schmeichel,1986-11-05,33,0,England Leicester City
223,Denmark,C,MF,Christian Eriksen,1992-02-14,77,21,England Tottenham Hotspur
224,Denmark,C,MF,Lasse Schöne,1986-05-27,34,3,Netherlands Ajax
225,Denmark,C,MF,Lukas Lerager,1993-07-12,3,0,France Bordeaux
226,Denmark,C,MF,Michael Krohn-Dehli,1983-06-06,57,6,Spain Deportivo La Coruña
227,Denmark,C,MF,Pione Sisto,1995-02-04,12,1,Spain Celta Vigo
228,Denmark,C,MF,Thomas Delaney,1991-09-03,25,4,Germany Werder Bremen
229,Denmark,C,MF,William Kvist,1985-02-24,78,2,Denmark Copenhagen
230,France,C,DF,Adil Rami,1985-12-27,33,1,France Marseille
231,France,C,DF,Benjamin Mendy,1994-07-17,4,0,England Manchester City
232,France,C,DF,Benjamin Pavard,1996-03-28,3,0,Germany VfB Stuttgart
233,France,C,DF,Djibril Sidibé,1992-07-29,15,1,France Monaco
234,France,C,DF,Lucas Hernández,1996-02-14,2,0,Spain Atlético Madrid
235,France,C,DF,Presnel Kimpembe,1995-08-13,1,0,France Paris Saint-Germain
236,France,C,DF,Raphaël Varane,1993-04-25,41,2,Spain Real Madrid
237,France,C,DF,Samuel Umtiti,1993-11-14,16,1,Spain Barcelona
238,France,C,FW,Antoine Griezmann,1991-03-21,51,19,Spain Atlético Madrid
239,France,C,FW,Florian Thauvin,1993-01-26,3,0,France Marseille
240,France,C,FW,Kylian Mbappé,1998-12-20,12,3,France Paris Saint-Germain
241,France,C,FW,Nabil Fekir,1993-07-18,10,1,France Lyon
242,France,C,FW,Olivier Giroud,1986-09-30,71,30,England Chelsea
243,France,C,FW,Ousmane Dembélé,1997-05-15,9,1,Spain Barcelona
244,France,C,GK,Alphonse Areola,1993-02-27,0,0,France Paris Saint-Germain
245,France,C,GK,Hugo Lloris (captain),1986-12-26,96,0,England Tottenham Hotspur
246,France,C,GK,Steve Mandanda,1985-03-28,26,0,France Marseille
247,France,C,MF,Blaise Matuidi,1987-04-09,64,9,Italy Juventus
248,France,C,MF,Corentin Tolisso,1994-08-03,6,0,Germany Bayern Munich
249,France,C,MF,N'Golo Kanté,1991-03-29,22,1,England Chelsea
250,France,C,MF,Paul Pogba,1993-03-15,51,9,England Manchester United
251,France,C,MF,Steven Nzonzi,1988-12-15,2,0,Spain Sevilla
252,France,C,MF,Thomas Lemar,1995-11-12,10,3,France Monaco
253,Peru,C,DF,Alberto Rodríguez,1984-05-31,58,0,Colombia Atlético Junior
254,Peru,C,DF,Aldo Corzo,1989-05-20,23,0,Peru Universitario
255,Peru,C,DF,Anderson Santamaría,1992-01-10,2,0,Mexico Puebla
256,Peru,C,DF,Christian Ramos,1988-11-04,63,3,Mexico Veracruz
257,Peru,C,DF,Luis Advíncula,1990-03-02,62,0,Mexico Lobos BUAP
258,Peru,C,DF,Miguel Araujo,1994-10-24,2,0,Peru Alianza Lima
259,Peru,C,DF,Miguel Trauco,1992-08-25,24,0,Brazil Flamengo
260,Peru,C,DF,Nilson Loyola,1994-10-26,3,0,Peru FBC Melgar
261,Peru,C,FW,André Carrillo,1991-06-14,42,4,England Watford
262,Peru,C,FW,Andy Polo,1994-09-29,15,1,United States Portland Timbers
263,Peru,C,FW,Jefferson Farfán,1984-10-26,81,24,Russia Lokomotiv Moscow
264,Peru,C,FW,Paolo Guerrero (captain),1984-01-01,87,34,Brazil Flamengo
265,Peru,C,FW,Paolo Hurtado,1990-07-27,29,3,Portugal Vitória de Guimarães
266,Peru,C,FW,Raúl Ruidíaz,1990-07-25,29,4,Mexico Morelia
267,Peru,C,GK,Carlos Cáceda,1991-09-27,4,0,Peru Deportivo Municipal
268,Peru,C,GK,José Carvallo,1986-03-01,5,0,Peru UTC
269,Peru,C,GK,Pedro Gallese,1990-04-23,36,0,Mexico Veracruz
270,Peru,C,MF,Christian Cueva,1991-11-23,41,7,Brazil São Paulo
271,Peru,C,MF,Edison Flores,1994-05-14,26,9,Denmark AaB
272,Peru,C,MF,Pedro Aquino,1995-04-13,10,0,Mexico Lobos BUAP
273,Peru,C,MF,Renato Tapia,1995-07-28,20,1,Netherlands Feyenoord
274,Peru,C,MF,Wilder Cartagena,1994-09-23,2,0,Mexico Veracruz
275,Peru,C,MF,Yoshimar Yotún,1990-04-07,70,2,United States Orlando City
276,Argentina,D,DF,Cristian Ansaldi,1986-09-20,5,0,Italy Torino
277,Argentina,D,DF,Eduardo Salvio,1990-07-13,8,0,Portugal Benfica
278,Argentina,D,DF,Federico Fazio,1987-01-30,8,1,Italy Roma
279,Argentina,D,DF,Gabriel Mercado,1987-03-18,20,3,Spain Sevilla
280,Argentina,D,DF,Javier Mascherano,1984-06-08,142,3,China Hebei China Fortune
281,Argentina,D,DF,Marcos Acuña,1991-10-28,9,0,Portugal Sporting CP
282,Argentina,D,DF,Marcos Rojo,1990-11-28,55,2,England Manchester United
283,Argentina,D,DF,Nicolás Otamendi,1988-07-05,53,4,England Manchester City
284,Argentina,D,DF,Nicolás Tagliafico,1992-08-31,3,0,Netherlands Ajax
285,Argentina,D,FW,Gonzalo Higuaín,1987-12-10,70,31,Italy Juventus
286,Argentina,D,FW,Lionel Messi (captain),1987-06-24,123,61,Spain Barcelona
287,Argentina,D,FW,Paulo Dybala,1993-11-15,12,0,Italy Juventus
288,Argentina,D,FW,Sergio Agüero,1988-06-02,84,36,England Manchester City
289,Argentina,D,GK,Franco Armani,1986-10-16,0,0,Argentina River Plate
290,Argentina,D,GK,Nahuel Guzmán,1986-02-10,6,0,Mexico UANL
291,Argentina,D,GK,Willy Caballero,1981-09-28,2,0,England Chelsea
292,Argentina,D,MF,Ángel Di María,1988-05-21,93,19,France Paris Saint-Germain
293,Argentina,D,MF,Cristian Pavón,1996-01-21,4,0,Argentina Boca Juniors
294,Argentina,D,MF,Éver Banega,1988-06-29,61,6,Spain Sevilla
295,Argentina,D,MF,Giovani Lo Celso,1996-04-09,4,0,France Paris Saint-Germain
296,Argentina,D,MF,Lucas Biglia,1986-01-30,36,1,Italy Milan
297,Argentina,D,MF,Manuel Lanzini,1993-02-13,3,1,England West Ham United
298,Argentina,D,MF,Maximiliano Meza,1992-01-15,1,0,Argentina Independiente
299,Croatia,D,DF,Dejan Lovren,1989-07-05,37,2,England Liverpool
300,Croatia,D,DF,Domagoj Vida,1989-04-29,57,2,Turkey Beşiktaş
301,Croatia,D,DF,Duje Ćaleta-Car,1996-09-17,0,0,Austria Red Bull Salzburg
302,Croatia,D,DF,Ivan Strinić,1987-07-17,42,0,Italy Sampdoria
303,Croatia,D,DF,Josip Pivarić,1989-01-30,19,0,Ukraine Dynamo Kyiv
304,Croatia,D,DF,Šime Vrsaljko,1992-01-10,34,0,Spain Atlético Madrid
305,Croatia,D,DF,Tin Jedvaj,1995-11-28,10,0,Germany Bayer Leverkusen
306,Croatia,D,DF,Vedran Ćorluka,1986-02-05,97,4,Russia Lokomotiv Moscow
307,Croatia,D,FW,Andrej Kramarić,1991-06-19,29,8,Germany 1899 Hoffenheim
308,Croatia,D,FW,Ante Rebić,1993-09-21,14,1,Germany Eintracht Frankfurt
309,Croatia,D,FW,Ivan Perišić,1989-02-02,64,17,Italy Internazionale
310,Croatia,D,FW,Mario Mandžukić,1986-05-21,82,30,Italy Juventus
311,Croatia,D,FW,Marko Pjaca,1995-05-06,15,1,Germany Schalke 04
312,Croatia,D,FW,Nikola Kalinić,1988-01-05,41,15,Italy Milan
313,Croatia,D,GK,Danijel Subašić,1984-10-27,36,0,France Monaco
314,Croatia,D,GK,Dominik Livaković,1995-01-09,1,0,Croatia Dinamo Zagreb
315,Croatia,D,GK,Lovre Kalinić,1990-04-03,10,0,Belgium Gent
316,Croatia,D,MF,Filip Bradarić,1992-01-11,3,0,Croatia Rijeka
317,Croatia,D,MF,Ivan Rakitić,1988-03-10,90,14,Spain Barcelona
318,Croatia,D,MF,Luka Modrić (captain),1985-09-09,104,12,Spain Real Madrid
319,Croatia,D,MF,Marcelo Brozović,1992-11-16,33,6,Italy Internazionale
320,Croatia,D,MF,Mateo Kovačić,1994-05-06,39,1,Spain Real Madrid
321,Croatia,D,MF,Milan Badelj,1989-02-25,36,1,Italy Fiorentina
322,Iceland,D,DF,Ari Freyr Skúlason,1987-05-14,54,0,Belgium Lokeren
323,Iceland,D,DF,Birkir Már Sævarsson,1984-11-11,78,1,Iceland Valur
324,Iceland,D,DF,Hólmar Örn Eyjólfsson,1990-08-06,9,1,Bulgaria Levski Sofia
325,Iceland,D,DF,Hörður Björgvin Magnússon,1993-02-11,15,2,England Bristol City
326,Iceland,D,DF,Kári Árnason,1982-10-13,65,4,Scotland Aberdeen
327,Iceland,D,DF,Ragnar Sigurðsson,1986-06-19,75,3,Russia Rostov
328,Iceland,D,DF,Samúel Friðjónsson,1996-02-22,3,0,Norway Vålerenga
329,Iceland,D,DF,Sverrir Ingi Ingason,1993-08-05,18,3,Russia Rostov
330,Iceland,D,FW,Albert Guðmundsson,1997-06-15,4,3,Netherlands PSV Eindhoven
331,Iceland,D,FW,Alfreð Finnbogason,1989-02-01,45,11,Germany FC Augsburg
332,Iceland,D,FW,Björn Bergmann Sigurðarson,1991-02-26,10,1,Russia Rostov
333,Iceland,D,FW,Jón Daði Böðvarsson,1992-05-25,36,2,England Reading
334,Iceland,D,GK,Frederik Schram,1995-01-19,3,0,Denmark Roskilde
335,Iceland,D,GK,Hannes Þór Halldórsson,1984-04-27,48,0,Denmark Randers
336,Iceland,D,GK,Rúnar Alex Rúnarsson,1995-02-18,3,0,Denmark Nordsjælland
337,Iceland,D,MF,Arnór Ingvi Traustason,1993-04-30,18,5,Sweden Malmö
338,Iceland,D,MF,Aron Gunnarsson (captain),1989-04-22,77,2,Wales Cardiff City
339,Iceland,D,MF,Birkir Bjarnason,1988-05-27,65,9,England Aston Villa
340,Iceland,D,MF,Emil Hallfreðsson,1984-06-29,62,1,Italy Udinese
341,Iceland,D,MF,Gylfi Sigurðsson,1989-09-08,55,18,England Everton
342,Iceland,D,MF,Jóhann Berg Guðmundsson,1990-10-27,65,7,England Burnley
343,Iceland,D,MF,Ólafur Ingi Skúlason,1983-04-01,35,1,Turkey Kardemir Karabükspor
344,Iceland,D,MF,Rúrik Gíslason,1988-02-25,45,3,Germany SV Sandhausen
345,Nigeria,D,DF,Brian Idowu,1992-05-18,3,1,Russia Amkar Perm
346,Nigeria,D,DF,Chidozie Awaziem,1997-01-01,4,0,France Nantes
347,Nigeria,D,DF,Elderson Echiéjilé,1988-01-20,60,3,Belgium Cercle Brugge
348,Nigeria,D,DF,Kenneth Omeruo,1993-10-17,37,0,Turkey Kasımpaşa
349,Nigeria,D,DF,Leon Balogun,1988-06-28,16,0,Germany Mainz 05
350,Nigeria,D,DF,Shehu Abdullahi,1993-03-12,22,0,Turkey Bursaspor
351,Nigeria,D,DF,Tyronne Ebuehi,1995-12-16,4,0,Netherlands ADO Den Haag
352,Nigeria,D,DF,William Troost-Ekong,1993-09-01,19,0,Turkey Bursaspor
353,Nigeria,D,FW,Ahmed Musa,1992-10-14,69,13,Russia CSKA Moscow
354,Nigeria,D,FW,Kelechi Iheanacho,1996-10-03,15,8,England Leicester City
355,Nigeria,D,FW,Odion Ighalo,1989-06-16,17,4,China Changchun Yatai
356,Nigeria,D,FW,Simeon Nwankwo,1992-05-07,0,0,Italy Crotone
357,Nigeria,D,GK,Daniel Akpeyi,1986-08-03,7,0,South Africa Chippa United
358,Nigeria,D,GK,Francis Uzoho,1998-10-28,3,0,Spain Deportivo Fabril
359,Nigeria,D,GK,Ikechukwu Ezenwa,1988-10-16,24,0,Nigeria Enyimba
360,Nigeria,D,MF,Alex Iwobi,1996-05-03,16,4,England Arsenal
361,Nigeria,D,MF,Joel Obi,1991-05-22,15,0,Italy Torino
362,Nigeria,D,MF,John Obi Mikel (captain),1987-04-22,83,6,China Tianjin TEDA
363,Nigeria,D,MF,John Ogu,1988-04-20,18,2,Israel Hapoel Be'er Sheva
364,Nigeria,D,MF,Ogenyi Onazi,1992-12-25,50,1,Turkey Trabzonspor
365,Nigeria,D,MF,Oghenekaro Etebo,1995-11-09,12,1,Spain Las Palmas
366,Nigeria,D,MF,Victor Moses,1990-12-12,32,11,England Chelsea
367,Nigeria,D,MF,Wilfred Ndidi,1996-12-16,16,0,England Leicester City
368,Brazil,E,DF,Danilo,1991-07-15,16,0,England Manchester City
369,Brazil,E,DF,Fagner,1989-06-11,4,0,Brazil Corinthians
370,Brazil,E,DF,Filipe Luís,1985-08-09,31,2,Spain Atlético Madrid
371,Brazil,E,DF,Marcelo,1988-05-12,52,6,Spain Real Madrid
372,Brazil,E,DF,Marquinhos,1994-05-14,24,0,France Paris Saint-Germain
373,Brazil,E,DF,Miranda,1984-09-07,45,2,Italy Internazionale
374,Brazil,E,DF,Pedro Geromel,1985-09-21,2,0,Brazil Grêmio
375,Brazil,E,DF,Thiago Silva,1984-09-22,69,5,France Paris Saint-Germain
376,Brazil,E,FW,Douglas Costa,1990-09-14,24,3,Italy Juventus
377,Brazil,E,FW,Gabriel Jesus,1997-04-03,15,9,England Manchester City
378,Brazil,E,FW,Neymar,1992-02-05,83,53,France Paris Saint-Germain
379,Brazil,E,FW,Roberto Firmino,1991-10-02,19,5,England Liverpool
380,Brazil,E,FW,Taison,1988-01-13,6,1,Ukraine Shakhtar Donetsk
381,Brazil,E,GK,Alisson,1992-10-02,24,0,Italy Roma
382,Brazil,E,GK,Cássio,1987-06-06,1,0,Brazil Corinthians
383,Brazil,E,GK,Ederson,1993-08-17,1,0,England Manchester City
384,Brazil,E,MF,Casemiro,1992-02-23,22,0,Spain Real Madrid
385,Brazil,E,MF,Fernandinho,1985-05-04,42,2,England Manchester City
386,Brazil,E,MF,Fred,1993-03-05,7,0,Ukraine Shakhtar Donetsk
387,Brazil,E,MF,Paulinho,1988-07-25,48,12,Spain Barcelona
388,Brazil,E,MF,Philippe Coutinho,1992-06-12,35,9,Spain Barcelona
389,Brazil,E,MF,Renato Augusto,1988-02-08,28,5,China Beijing Sinobo Guoan
390,Brazil,E,MF,Willian,1988-08-09,55,8,England Chelsea
391,Costa Rica,E,DF,Bryan Oviedo,1990-02-18,41,1,England Sunderland
392,Costa Rica,E,DF,Cristian Gamboa,1989-10-24,65,3,Scotland Celtic
393,Costa Rica,E,DF,Francisco Calvo,1992-07-08,35,3,United States Minnesota United
394,Costa Rica,E,DF,Giancarlo González,1988-02-08,67,2,Italy Bologna
395,Costa Rica,E,DF,Ian Smith,1998-03-06,1,0,Sweden Norrköping
396,Costa Rica,E,DF,Johnny Acosta,1983-07-21,67,2,Colombia Águilas Doradas
397,Costa Rica,E,DF,Kendall Waston,1988-01-01,24,3,Canada Vancouver Whitecaps FC
398,Costa Rica,E,DF,Óscar Duarte,1989-06-03,37,2,Spain Espanyol
399,Costa Rica,E,DF,Rónald Matarrita,1994-07-09,21,2,United States New York City FC
400,Costa Rica,E,FW,Bryan Ruiz (captain),1985-08-18,109,23,Portugal Sporting CP
401,Costa Rica,E,FW,Joel Campbell,1992-06-26,76,14,Spain Real Betis
402,Costa Rica,E,FW,Johan Venegas,1988-11-27,44,9,Costa Rica Saprissa
403,Costa Rica,E,FW,Marco Ureña,1990-03-05,62,15,United States Los Angeles FC
404,Costa Rica,E,GK,Keylor Navas,1986-12-15,78,0,Spain Real Madrid
405,Costa Rica,E,GK,Leonel Moreira,1990-04-02,8,0,Costa Rica Herediano
406,Costa Rica,E,GK,Patrick Pemberton,1982-05-24,39,0,Costa Rica Alajuelense
407,Costa Rica,E,MF,Celso Borges,1988-05-27,110,21,Spain Deportivo La Coruña
408,Costa Rica,E,MF,Christian Bolaños,1984-05-30,79,6,Costa Rica Saprissa
409,Costa Rica,E,MF,Daniel Colindres,1985-05-28,10,0,Costa Rica Saprissa
410,Costa Rica,E,MF,David Guzmán,1990-02-18,40,0,United States Portland Timbers
411,Costa Rica,E,MF,Randall Azofeifa,1984-12-30,57,3,Costa Rica Herediano
412,Costa Rica,E,MF,Rodney Wallace,1988-06-17,30,4,United States New York City FC
413,Costa Rica,E,MF,Yeltsin Tejeda,1992-03-17,48,0,Switzerland Lausanne
414,Serbia,E,DF,Aleksandar Kolarov (captain),1985-11-10,74,10,Italy Roma
415,Serbia,E,DF,Antonio Rukavina,1984-01-26,45,0,Spain Villarreal
416,Serbia,E,DF,Branislav Ivanović,1984-02-22,102,12,Russia Zenit Saint Petersburg
417,Serbia,E,DF,Duško Tošić,1985-01-19,22,1,Turkey Beşiktaş
418,Serbia,E,DF,Milan Rodić,1991-04-02,0,0,Serbia Red Star Belgrade
419,Serbia,E,DF,Miloš Veljković,1995-09-26,2,0,Germany Werder Bremen
420,Serbia,E,DF,Nikola Milenković,1997-10-12,1,0,Italy Fiorentina
421,Serbia,E,DF,Uroš Spajić,1993-02-13,5,0,Belgium Anderlecht
422,Serbia,E,FW,Aleksandar Mitrović,1994-09-16,35,13,England Fulham
423,Serbia,E,FW,Aleksandar Prijović,1990-04-21,8,1,Greece PAOK
424,Serbia,E,FW,Luka Jović,1997-12-23,0,0,Germany Eintracht Frankfurt
425,Serbia,E,GK,Marko Dmitrović,1992-01-24,2,0,Spain Eibar
426,Serbia,E,GK,Predrag Rajković,1995-10-31,7,0,Israel Maccabi Tel Aviv
427,Serbia,E,GK,Vladimir Stojković,1983-07-28,79,0,Serbia Partizan
428,Serbia,E,MF,Adem Ljajić,1991-09-29,27,5,Italy Torino
429,Serbia,E,MF,Andrija Živković,1996-07-11,9,0,Portugal Benfica
430,Serbia,E,MF,Dušan Tadić,1988-11-20,51,13,England Southampton
431,Serbia,E,MF,Filip Kostić,1992-11-01,21,2,Germany Hamburger SV
432,Serbia,E,MF,Luka Milivojević,1991-04-07,26,1,England Crystal Palace
433,Serbia,E,MF,Marko Grujić,1996-04-13,6,0,Wales Cardiff City
434,Serbia,E,MF,Nemanja Matić,1988-08-01,38,2,England Manchester United
435,Serbia,E,MF,Nemanja Radonjić,1996-02-15,1,0,Serbia Red Star Belgrade
436,Serbia,E,MF,Sergej Milinković-Savić,1995-02-27,2,0,Italy Lazio
437,Switzerland,E,DF,Fabian Schär,1991-12-20,37,7,Spain Deportivo La Coruña
438,Switzerland,E,DF,François Moubandje,1990-06-21,16,0,France Toulouse
439,Switzerland,E,DF,Johan Djourou,1987-01-18,73,2,Turkey Antalyaspor
440,Switzerland,E,DF,Manuel Akanji,1995-07-19,5,0,Germany Borussia Dortmund
441,Switzerland,E,DF,Michael Lang,1991-02-08,23,2,Switzerland Basel
442,Switzerland,E,DF,Nico Elvedi,1996-09-30,5,0,Germany Borussia Mönchengladbach
443,Switzerland,E,DF,Ricardo Rodríguez,1992-08-25,51,3,Italy Milan
444,Switzerland,E,DF,Stephan Lichtsteiner (captain),1984-01-16,98,8,Italy Juventus
445,Switzerland,E,FW,Breel Embolo,1997-02-14,23,3,Germany Schalke 04
446,Switzerland,E,FW,Haris Seferović,1992-02-22,49,11,Portugal Benfica
447,Switzerland,E,FW,Josip Drmić,1992-08-08,27,9,Germany Borussia Mönchengladbach
448,Switzerland,E,FW,Mario Gavranović,1989-11-24,13,5,Croatia Dinamo Zagreb
449,Switzerland,E,GK,Roman Bürki,1990-11-14,8,0,Germany Borussia Dortmund
450,Switzerland,E,GK,Yann Sommer,1988-12-17,34,0,Germany Borussia Mönchengladbach
451,Switzerland,E,GK,Yvon Mvogo,1994-06-06,0,0,Germany RB Leipzig
452,Switzerland,E,MF,Blerim Džemaili,1986-04-12,63,9,Italy Bologna
453,Switzerland,E,MF,Denis Zakaria,1996-11-20,9,0,Germany Borussia Mönchengladbach
454,Switzerland,E,MF,Gelson Fernandes,1986-09-02,66,2,Germany Eintracht Frankfurt
455,Switzerland,E,MF,Granit Xhaka,1992-09-27,61,9,England Arsenal
456,Switzerland,E,MF,Remo Freuler,1992-04-15,9,0,Italy Atalanta
457,Switzerland,E,MF,Steven Zuber,1991-08-17,10,3,Germany 1899 Hoffenheim
458,Switzerland,E,MF,Valon Behrami,1985-04-19,77,2,Italy Udinese
459,Switzerland,E,MF,Xherdan Shaqiri,1991-10-10,68,20,England Stoke City
460,Germany,F,DF,Antonio Rüdiger,1993-03-03,23,1,England Chelsea
461,Germany,F,DF,Jérôme Boateng,1988-09-03,70,1,Germany Bayern Munich
462,Germany,F,DF,Jonas Hector,1990-05-27,36,3,Germany 1. FC Köln
463,Germany,F,DF,Joshua Kimmich,1995-02-08,27,3,Germany Bayern Munich
464,Germany,F,DF,Marvin Plattenhardt,1992-01-26,6,0,Germany Hertha BSC
465,Germany,F,DF,Mats Hummels,1988-12-16,63,5,Germany Bayern Munich
466,Germany,F,DF,Matthias Ginter,1994-01-19,17,0,Germany Borussia Mönchengladbach
467,Germany,F,DF,Niklas Süle,1995-09-03,9,0,Germany Bayern Munich
468,Germany,F,FW,Mario Gómez,1985-07-10,73,31,Germany VfB Stuttgart
469,Germany,F,FW,Thomas Müller,1989-09-13,90,38,Germany Bayern Munich
470,Germany,F,FW,Timo Werner,1996-03-06,12,7,Germany RB Leipzig
471,Germany,F,GK,Kevin Trapp,1990-07-08,3,0,France Paris Saint-Germain
472,Germany,F,GK,Manuel Neuer (captain),1986-03-27,74,0,Germany Bayern Munich
473,Germany,F,GK,Marc-André ter Stegen,1992-04-30,19,0,Spain Barcelona
474,Germany,F,MF,İlkay Gündoğan,1990-10-24,24,4,England Manchester City
475,Germany,F,MF,Julian Brandt,1996-05-02,14,1,Germany Bayer Leverkusen
476,Germany,F,MF,Julian Draxler,1993-09-20,42,6,France Paris Saint-Germain
477,Germany,F,MF,Leon Goretzka,1995-02-06,14,6,Germany Schalke 04
478,Germany,F,MF,Marco Reus,1989-05-31,29,9,Germany Borussia Dortmund
479,Germany,F,MF,Mesut Özil,1988-10-15,89,22,England Arsenal
480,Germany,F,MF,Sami Khedira,1987-04-04,73,7,Italy Juventus
481,Germany,F,MF,Sebastian Rudy,1990-02-28,24,1,Germany Bayern Munich
482,Germany,F,MF,Toni Kroos,1990-01-04,82,12,Spain Real Madrid
483,Mexico,F,DF,Carlos Salcedo,1993-09-29,18,0,Germany Eintracht Frankfurt
484,Mexico,F,DF,Diego Reyes,1992-09-19,55,1,Portugal Porto
485,Mexico,F,DF,Edson Álvarez,1997-10-24,10,1,Mexico América
486,Mexico,F,DF,Héctor Moreno,1988-01-17,91,3,Spain Real Sociedad
487,Mexico,F,DF,Hugo Ayala,1987-03-31,40,1,Mexico UANL
488,Mexico,F,DF,Jesús Gallardo,1994-08-14,20,0,Mexico UNAM
489,Mexico,F,DF,Miguel Layún,1988-06-25,62,6,Spain Sevilla
490,Mexico,F,FW,Carlos Vela,1989-03-01,67,18,United States Los Angeles FC
491,Mexico,F,FW,Hirving Lozano,1995-07-30,26,7,Netherlands PSV Eindhoven
492,Mexico,F,FW,Javier Aquino,1990-02-11,51,0,Mexico UANL
493,Mexico,F,FW,Javier Hernández,1988-06-01,100,49,England West Ham United
494,Mexico,F,FW,Jesús Manuel Corona,1993-01-06,33,7,Portugal Porto
495,Mexico,F,FW,Oribe Peralta,1984-01-12,64,26,Mexico América
496,Mexico,F,FW,Raúl Jiménez,1991-05-05,62,13,Portugal Benfica
497,Mexico,F,GK,Alfredo Talavera,1982-09-18,27,0,Mexico Toluca
498,Mexico,F,GK,Guillermo Ochoa,1985-07-13,92,0,Belgium Standard Liège
499,Mexico,F,GK,José de Jesús Corona,1981-01-28,51,0,Mexico Cruz Azul
500,Mexico,F,MF,Andrés Guardado (captain),1986-09-28,144,25,Spain Real Betis
501,Mexico,F,MF,Giovani dos Santos,1989-05-11,102,18,United States LA Galaxy
502,Mexico,F,MF,Héctor Herrera,1990-04-19,63,5,Portugal Porto
503,Mexico,F,MF,Jonathan dos Santos,1990-04-26,29,0,United States LA Galaxy
504,Mexico,F,MF,Marco Fabián,1989-07-21,36,9,Germany Eintracht Frankfurt
505,Mexico,F,MF,Rafael Márquez,1979-02-13,143,18,Mexico Atlas
506,South Korea,F,DF,Go Yo-han,1988-03-10,18,0,South Korea FC Seoul
507,South Korea,F,DF,Hong Chul,1990-09-17,13,0,South Korea Sangju Sangmu
508,South Korea,F,DF,Jang Hyun-soo,1991-09-28,49,3,Japan FC Tokyo
509,South Korea,F,DF,Jung Seung-hyun,1994-04-03,4,0,Japan Sagan Tosu
510,South Korea,F,DF,Kim Min-woo,1990-02-25,16,1,South Korea Sangju Sangmu
511,South Korea,F,DF,Kim Young-gwon,1990-02-27,50,2,China Guangzhou Evergrande
512,South Korea,F,DF,Lee Yong,1986-12-24,24,0,South Korea Jeonbuk Hyundai Motors
513,South Korea,F,DF,Oh Ban-suk,1988-05-20,0,0,South Korea Jeju United
514,South Korea,F,DF,Park Joo-ho,1987-01-16,34,0,South Korea Ulsan Hyundai
515,South Korea,F,DF,Yun Young-sun,1988-10-04,4,0,South Korea Seongnam FC
516,South Korea,F,FW,Hwang Hee-chan,1996-01-26,11,2,Austria Red Bull Salzburg
517,South Korea,F,FW,Kim Shin-wook,1988-04-14,46,10,South Korea Jeonbuk Hyundai Motors
518,South Korea,F,FW,Son Heung-min,1992-07-08,63,20,England Tottenham Hotspur
519,South Korea,F,GK,Cho Hyun-woo,1991-09-25,4,0,South Korea Daegu FC
520,South Korea,F,GK,Kim Jin-hyeon,1987-07-06,14,0,Japan Cerezo Osaka
521,South Korea,F,GK,Kim Seung-gyu,1990-09-30,31,0,Japan Vissel Kobe
522,South Korea,F,MF,Ju Se-jong,1990-10-30,8,1,South Korea Asan Mugunghwa
523,South Korea,F,MF,Jung Woo-young,1989-12-14,26,1,Japan Vissel Kobe
524,South Korea,F,MF,Ki Sung-yueng (captain),1989-01-24,99,10,Wales Swansea City
525,South Korea,F,MF,Koo Ja-cheol,1989-02-27,65,19,Germany FC Augsburg
526,South Korea,F,MF,Lee Jae-sung,1992-08-10,32,5,South Korea Jeonbuk Hyundai Motors
527,South Korea,F,MF,Lee Seung-woo,1998-01-06,0,0,Italy Hellas Verona
528,South Korea,F,MF,Moon Seon-min,1992-06-09,0,0,South Korea Incheon United
529,Sweden,F,DF,Andreas Granqvist (captain),1985-04-16,70,6,Russia Krasnodar
530,Sweden,F,DF,Emil Krafth,1994-08-02,11,0,Italy Bologna
531,Sweden,F,DF,Filip Helander,1993-04-22,4,0,Italy Bologna
532,Sweden,F,DF,Ludwig Augustinsson,1994-04-21,14,0,Germany Werder Bremen
533,Sweden,F,DF,Martin Olsson,1988-05-17,42,5,Wales Swansea City
534,Sweden,F,DF,Mikael Lustig,1986-12-13,64,6,Scotland Celtic
535,Sweden,F,DF,Pontus Jansson,1991-02-13,14,0,England Leeds United
536,Sweden,F,DF,Victor Lindelöf,1994-07-17,19,1,England Manchester United
537,Sweden,F,FW,Isaac Kiese Thelin,1992-06-24,18,2,Belgium Waasland-Beveren
538,Sweden,F,FW,John Guidetti,1992-04-15,20,1,Spain Alavés
539,Sweden,F,FW,Marcus Berg,1986-08-17,55,18,United Arab Emirates Al Ain
540,Sweden,F,FW,Ola Toivonen,1986-07-03,57,13,France Toulouse
541,Sweden,F,GK,Karl-Johan Johnsson,1990-01-28,5,0,France Guingamp
542,Sweden,F,GK,Kristoffer Nordfeldt,1989-06-23,8,0,Wales Swansea City
543,Sweden,F,GK,Robin Olsen,1990-01-08,16,0,Denmark Copenhagen
544,Sweden,F,MF,Albin Ekdal,1989-07-28,32,0,Germany Hamburger SV
545,Sweden,F,MF,Emil Forsberg,1991-10-23,34,6,Germany RB Leipzig
546,Sweden,F,MF,Gustav Svensson,1987-02-07,11,0,United States Seattle Sounders FC
547,Sweden,F,MF,Jimmy Durmaz,1989-03-22,44,3,France Toulouse
548,Sweden,F,MF,Marcus Rohdén,1991-05-11,10,1,Italy Crotone
549,Sweden,F,MF,Oscar Hiljemark,1992-06-28,20,2,Italy Genoa
550,Sweden,F,MF,Sebastian Larsson,1985-06-06,98,6,England Hull City
551,Sweden,F,MF,Viktor Claesson,1992-01-02,21,3,Russia Krasnodar
552,Belgium,G,DF,Dedryck Boyata,1990-11-28,4,0,Scotland Celtic
553,Belgium,G,DF,Jan Vertonghen,1987-04-24,99,8,England Tottenham Hotspur
554,Belgium,G,DF,Thomas Meunier,1991-09-12,22,5,France Paris Saint-Germain
555,Belgium,G,DF,Thomas Vermaelen,1985-11-14,64,1,Spain Barcelona
556,Belgium,G,DF,Toby Alderweireld,1989-03-02,71,3,England Tottenham Hotspur
557,Belgium,G,DF,Vincent Kompany,1986-04-10,73,4,England Manchester City
558,Belgium,G,FW,Dries Mertens,1987-05-06,64,13,Italy Napoli
559,Belgium,G,FW,Michy Batshuayi,1993-10-02,13,5,Germany Borussia Dortmund
560,Belgium,G,FW,Romelu Lukaku,1993-05-13,63,30,England Manchester United
561,Belgium,G,GK,Koen Casteels,1992-06-25,0,0,Germany VfL Wolfsburg
562,Belgium,G,GK,Simon Mignolet,1988-03-06,21,0,England Liverpool
563,Belgium,G,GK,Thibaut Courtois,1992-05-11,55,0,England Chelsea
564,Belgium,G,MF,Adnan Januzaj,1995-02-05,6,0,Spain Real Sociedad
565,Belgium,G,MF,Axel Witsel,1989-01-12,85,9,China Tianjin Quanjian
566,Belgium,G,MF,Eden Hazard (captain),1991-01-07,81,21,England Chelsea
567,Belgium,G,MF,Kevin De Bruyne,1991-06-28,56,13,England Manchester City
568,Belgium,G,MF,Leander Dendoncker,1995-04-15,4,0,Belgium Anderlecht
569,Belgium,G,MF,Marouane Fellaini,1987-11-22,78,16,England Manchester United
570,Belgium,G,MF,Mousa Dembélé,1987-07-16,73,5,England Tottenham Hotspur
571,Belgium,G,MF,Nacer Chadli,1989-08-02,40,4,England West Bromwich Albion
572,Belgium,G,MF,Thorgan Hazard,1993-03-29,7,1,Germany Borussia Mönchengladbach
573,Belgium,G,MF,Yannick Carrasco,1993-09-04,22,5,China Dalian Yifang
574,Belgium,G,MF,Youri Tielemans,1997-05-07,7,0,France Monaco
575,England,G,DF,Ashley Young,1985-07-09,33,7,England Manchester United
576,England,G,DF,Danny Rose,1990-07-02,16,0,England Tottenham Hotspur
577,England,G,DF,Fabian Delph,1989-11-21,9,0,England Manchester City
578,England,G,DF,Gary Cahill,1985-12-19,58,4,England Chelsea
579,England,G,DF,Harry Maguire,1993-03-05,4,0,England Leicester City
580,England,G,DF,John Stones,1994-05-28,24,0,England Manchester City
581,England,G,DF,Kieran Trippier,1990-09-19,5,0,England Tottenham Hotspur
582,England,G,DF,Kyle Walker,1990-05-28,34,0,England Manchester City
583,England,G,DF,Phil Jones,1992-02-21,24,0,England Manchester United
584,England,G,DF,Trent Alexander-Arnold,1998-10-07,0,0,England Liverpool
585,England,G,FW,Danny Welbeck,1990-11-26,37,15,England Arsenal
586,England,G,FW,Harry Kane (captain),1993-07-28,24,13,England Tottenham Hotspur
587,England,G,FW,Jamie Vardy,1987-01-11,21,7,England Leicester City
588,England,G,FW,Marcus Rashford,1997-10-31,17,2,England Manchester United
589,England,G,FW,Raheem Sterling,1994-12-08,37,2,England Manchester City
590,England,G,GK,Jack Butland,1993-03-10,7,0,England Stoke City
591,England,G,GK,Jordan Pickford,1994-03-07,2,0,England Everton
592,England,G,GK,Nick Pope,1992-04-19,0,0,England Burnley
593,England,G,MF,Dele Alli,1996-04-11,23,2,England Tottenham Hotspur
594,England,G,MF,Eric Dier,1994-01-15,25,3,England Tottenham Hotspur
595,England,G,MF,Jesse Lingard,1992-12-15,10,1,England Manchester United
596,England,G,MF,Jordan Henderson,1990-06-17,38,0,England Liverpool
597,England,G,MF,Ruben Loftus-Cheek,1996-01-23,2,0,England Crystal Palace
598,Panama,G,DF,Adolfo Machado,1985-02-14,74,1,United States Houston Dynamo
599,Panama,G,DF,Erick Davis,1991-03-31,37,0,Slovakia Dunajská Streda
600,Panama,G,DF,Felipe Baloy (captain),1981-02-24,101,3,Guatemala Municipal
601,Panama,G,DF,Fidel Escobar,1995-01-09,21,1,United States New York Red Bulls
602,Panama,G,DF,Harold Cummings,1992-03-01,51,0,United States San Jose Earthquakes
603,Panama,G,DF,Luis Ovalle,1988-09-07,24,0,Honduras Olimpia
604,Panama,G,DF,Michael Amir Murillo,1996-02-15,21,2,United States New York Red Bulls
605,Panama,G,DF,Román Torres,1986-03-20,109,10,United States Seattle Sounders FC
606,Panama,G,FW,Abdiel Arroyo,1993-12-13,33,5,Costa Rica Alajuelense
607,Panama,G,FW,Blas Pérez,1981-03-13,116,43,Guatemala Municipal
608,Panama,G,FW,Gabriel Torres,1988-10-31,71,14,Chile Huachipato
609,Panama,G,FW,Ismael Díaz,1997-05-12,10,2,Spain Deportivo Fabril
610,Panama,G,FW,Luis Tejada,1982-03-28,104,43,Peru Sport Boys
611,Panama,G,GK,Álex Rodríguez,1990-08-05,6,0,Panama San Francisco
612,Panama,G,GK,Jaime Penedo,1981-09-26,130,0,Romania Dinamo București
613,Panama,G,GK,José Calderón,1985-08-14,30,0,Panama Chorrillo
614,Panama,G,MF,Alberto Quintero,1987-12-18,89,5,Peru Universitario
615,Panama,G,MF,Aníbal Godoy,1990-02-10,87,2,United States San Jose Earthquakes
616,Panama,G,MF,Armando Cooper,1987-11-26,96,7,Chile Universidad de Chile
617,Panama,G,MF,Édgar Bárcenas,1993-10-23,27,0,Mexico Tapachula
618,Panama,G,MF,Gabriel Gómez,1984-05-29,142,12,Colombia Atlético Bucaramanga
619,Panama,G,MF,José Luis Rodríguez,1998-06-19,0,0,Belgium Gent
620,Panama,G,MF,Valentín Pimentel,1991-05-30,21,1,Panama Plaza Amador
621,Tunisia,G,DF,Ali Maâloul,1990-01-01,43,0,Egypt Al Ahly
622,Tunisia,G,DF,Dylan Bronn,1995-06-19,3,0,Belgium Gent
623,Tunisia,G,DF,Hamdi Nagguez,1992-10-28,13,0,Egypt Zamalek
624,Tunisia,G,DF,Oussama Haddadi,1992-01-28,6,0,France Dijon
625,Tunisia,G,DF,Rami Bedoui,1990-01-19,8,0,Tunisia Étoile du Sahel
626,Tunisia,G,DF,Syam Ben Youssef,1989-03-31,40,1,Turkey Kasımpaşa
627,Tunisia,G,DF,Yassine Meriah,1993-07-02,13,1,Tunisia CS Sfaxien
628,Tunisia,G,DF,Yohan Benalouane,1987-03-28,2,0,England Leicester City
629,Tunisia,G,FW,Anice Badri,1990-08-18,4,0,Tunisia Espérance
630,Tunisia,G,FW,Bassem Srarfi,1997-06-25,2,0,France Nice
631,Tunisia,G,FW,Fakhreddine Ben Youssef,1991-06-21,31,4,Saudi Arabia Al-Ettifaq
632,Tunisia,G,FW,Saber Khalifa,1986-10-14,41,7,Tunisia Club Africain
633,Tunisia,G,FW,Wahbi Khazri,1991-02-08,35,12,France Rennes
634,Tunisia,G,GK,Aymen Mathlouthi (captain),1984-09-14,69,0,Saudi Arabia Al-Batin
635,Tunisia,G,GK,Farouk Ben Mustapha,1989-07-01,15,0,Saudi Arabia Al-Shabab
636,Tunisia,G,GK,Mouez Hassen,1995-03-05,1,0,France Châteauroux
637,Tunisia,G,MF,Ahmed Khalil,1994-12-21,3,0,Tunisia Club Africain
638,Tunisia,G,MF,Ellyes Skhiri,1995-05-10,2,0,France Montpellier
639,Tunisia,G,MF,Ferjani Sassi,1992-03-18,36,2,Saudi Arabia Al-Nassr
640,Tunisia,G,MF,Ghailene Chaalali,1994-02-28,4,1,Tunisia Espérance
641,Tunisia,G,MF,Mohamed Amine Ben Amor,1992-01-01,24,1,Saudi Arabia Al-Ahli
642,Tunisia,G,MF,Naïm Sliti,1992-07-27,14,3,France Dijon
643,Tunisia,G,MF,Saîf-Eddine Khaoui,1995-04-27,2,0,France Troyes
644,Colombia,H,DF,Cristián Zapata,1986-09-30,55,2,Italy Milan
645,Colombia,H,DF,Dávinson Sánchez,1996-05-12,8,0,England Tottenham Hotspur
646,Colombia,H,DF,Frank Fabra,1991-02-22,18,1,Argentina Boca Juniors
647,Colombia,H,DF,Johan Mojica,1991-08-21,3,1,Spain Girona
648,Colombia,H,DF,Óscar Murillo,1988-04-18,12,0,Mexico Pachuca
649,Colombia,H,DF,Santiago Arias,1992-01-13,40,0,Netherlands PSV Eindhoven
650,Colombia,H,DF,Yerry Mina,1994-09-23,11,3,Spain Barcelona
651,Colombia,H,FW,Carlos Bacca,1986-09-08,44,14,Spain Villarreal
652,Colombia,H,FW,Luis Muriel,1991-04-16,18,2,Spain Sevilla
653,Colombia,H,FW,Miguel Borja,1993-01-26,6,2,Brazil Palmeiras
654,Colombia,H,FW,Radamel Falcao (captain),1986-02-10,72,29,France Monaco
655,Colombia,H,GK,Camilo Vargas,1989-03-09,5,0,Colombia Deportivo Cali
656,Colombia,H,GK,David Ospina,1988-08-31,85,0,England Arsenal
657,Colombia,H,GK,José Fernando Cuadrado,1985-06-01,1,0,Colombia Once Caldas
658,Colombia,H,MF,Abel Aguilar,1985-01-06,70,7,Colombia Deportivo Cali
659,Colombia,H,MF,Carlos Sánchez,1986-02-06,84,0,Spain Espanyol
660,Colombia,H,MF,James Rodríguez,1991-07-12,62,21,Germany Bayern Munich
661,Colombia,H,MF,Jefferson Lerma,1994-10-25,4,0,Spain Levante
662,Colombia,H,MF,José Izquierdo,1992-07-07,4,1,England Brighton & Hove Albion
663,Colombia,H,MF,Juan Cuadrado,1988-05-26,69,7,Italy Juventus
664,Colombia,H,MF,Juan Fernando Quintero,1993-01-18,14,2,Argentina River Plate
665,Colombia,H,MF,Mateus Uribe,1991-03-21,7,0,Mexico América
666,Colombia,H,MF,Wílmar Barrios,1993-10-16,10,0,Argentina Boca Juniors
667,Japan,H,DF,Gen Shoji,1992-12-11,10,1,Japan Kashima Antlers
668,Japan,H,DF,Gōtoku Sakai,1991-03-14,38,0,Germany Hamburger SV
669,Japan,H,DF,Hiroki Sakai,1990-04-12,41,0,France Marseille
670,Japan,H,DF,Maya Yoshida,1988-08-24,80,10,England Southampton
671,Japan,H,DF,Naomichi Ueda,1994-10-24,3,0,Japan Kashima Antlers
672,Japan,H,DF,Tomoaki Makino,1987-05-11,30,4,Japan Urawa Red Diamonds
673,Japan,H,DF,Wataru Endo,1993-02-09,11,0,Japan Urawa Red Diamonds
674,Japan,H,DF,Yuto Nagatomo,1986-09-12,103,3,Turkey Galatasaray
675,Japan,H,FW,Shinji Okazaki,1986-04-16,111,50,England Leicester City
676,Japan,H,FW,Yoshinori Mutō,1992-07-15,21,2,Germany Mainz 05
677,Japan,H,FW,Yuya Osako,1990-05-18,26,7,Germany 1. FC Köln
678,Japan,H,GK,Eiji Kawashima,1983-03-20,82,0,France Metz
679,Japan,H,GK,Kosuke Nakamura,1995-02-27,3,0,Japan Kashiwa Reysol
680,Japan,H,GK,Masaaki Higashiguchi,1986-05-12,4,0,Japan Gamba Osaka
681,Japan,H,MF,Gaku Shibasaki,1992-05-28,15,3,Spain Getafe
682,Japan,H,MF,Genki Haraguchi,1991-05-09,30,6,Germany Fortuna Düsseldorf
683,Japan,H,MF,Hotaru Yamaguchi,1990-10-06,40,2,Japan Cerezo Osaka
684,Japan,H,MF,Keisuke Honda,1986-06-13,93,36,Mexico Pachuca
685,Japan,H,MF,Makoto Hasebe (captain),1984-01-18,108,2,Germany Eintracht Frankfurt
686,Japan,H,MF,Ryota Oshima,1993-01-23,3,0,Japan Kawasaki Frontale
687,Japan,H,MF,Shinji Kagawa,1989-03-17,89,29,Germany Borussia Dortmund
688,Japan,H,MF,Takashi Inui,1988-06-02,25,2,Spain Eibar
689,Japan,H,MF,Takashi Usami,1992-05-06,21,3,Germany Fortuna Düsseldorf
690,Poland,H,DF,Artur Jędrzejczyk,1987-11-04,35,3,Poland Legia Warsaw
691,Poland,H,DF,Bartosz Bereszyński,1992-07-12,6,0,Italy Sampdoria
692,Poland,H,DF,Jan Bednarek,1996-04-12,1,0,England Southampton
693,Poland,H,DF,Kamil Glik,1988-02-03,57,4,France Monaco
694,Poland,H,DF,Łukasz Piszczek,1985-06-03,61,3,Germany Borussia Dortmund
695,Poland,H,DF,Michał Pazdan,1987-09-21,31,0,Poland Legia Warsaw
696,Poland,H,DF,Thiago Cionek,1986-04-21,17,0,Italy SPAL
697,Poland,H,FW,Arkadiusz Milik,1994-02-28,38,12,Italy Napoli
698,Poland,H,FW,Dawid Kownacki,1997-03-14,1,0,Italy Sampdoria
699,Poland,H,FW,Łukasz Teodorczyk,1991-06-03,15,4,Belgium Anderlecht
700,Poland,H,FW,Robert Lewandowski (captain),1988-08-21,93,52,Germany Bayern Munich
701,Poland,H,GK,Bartosz Białkowski,1994-10-01,1,0,England Ipswich Town
702,Poland,H,GK,Łukasz Fabiański,1993-07-29,43,0,Wales Swansea City
703,Poland,H,GK,Wojciech Szczęsny,1984-01-01,33,0,Italy Juventus
704,Poland,H,MF,Grzegorz Krychowiak,1990-01-29,49,2,England West Bromwich Albion
705,Poland,H,MF,Jacek Góralski,1992-09-21,3,0,Bulgaria Ludogorets Razgrad
706,Poland,H,MF,Jakub Błaszczykowski,1985-12-14,97,19,Germany VfL Wolfsburg
707,Poland,H,MF,Kamil Grosicki,1988-06-08,56,12,England Hull City
708,Poland,H,MF,Karol Linetty,1995-02-02,19,1,Italy Sampdoria
709,Poland,H,MF,Maciej Rybus,1989-08-19,49,2,Russia Lokomotiv Moscow
710,Poland,H,MF,Piotr Zieliński,1994-05-20,31,4,Italy Napoli
711,Poland,H,MF,Rafał Kurzawa,1993-01-29,3,0,Poland Górnik Zabrze
712,Poland,H,MF,Sławomir Peszko,1985-02-19,43,2,Poland Lechia Gdańsk
713,Senegal,H,DF,Kalidou Koulibaly,1991-06-20,23,0,Italy Napoli
714,Senegal,H,DF,Kara Mbodji,1989-11-11,51,5,Belgium Anderlecht
715,Senegal,H,DF,Lamine Gassama,1989-10-20,34,0,Turkey Alanyaspor
716,Senegal,H,DF,Moussa Wagué,1998-10-04,8,0,Belgium Eupen
717,Senegal,H,DF,Salif Sané,1990-08-25,19,0,Germany Hannover 96
718,Senegal,H,DF,Saliou Ciss,1989-09-15,17,0,France Valenciennes
719,Senegal,H,DF,Youssouf Sabaly,1993-03-05,3,0,France Bordeaux
720,Senegal,H,FW,Diafra Sakho,1989-12-24,9,3,France Rennes
721,Senegal,H,FW,Ismaïla Sarr,1998-02-25,13,2,France Rennes
722,Senegal,H,FW,Keita Baldé,1995-03-08,16,3,France Monaco
723,Senegal,H,FW,Mame Biram Diouf,1987-12-16,46,10,England Stoke City
724,Senegal,H,FW,M'Baye Niang,1994-12-19,4,0,Italy Torino
725,Senegal,H,FW,Moussa Konaté,1993-04-03,26,9,France Amiens
726,Senegal,H,FW,Moussa Sow,1986-01-19,50,18,Turkey Bursaspor
727,Senegal,H,FW,Sadio Mané,1992-04-10,51,14,England Liverpool
728,Senegal,H,GK,Abdoulaye Diallo,1992-03-30,16,0,France Rennes
729,Senegal,H,GK,Alfred Gomis,1984-05-31,1,0,Italy SPAL
730,Senegal,H,GK,Khadim N'Diaye,1985-04-05,25,0,Guinea Horoya
731,Senegal,H,MF,Alfred N'Diaye,1990-03-06,18,0,England Wolverhampton Wanderers
732,Senegal,H,MF,Badou Ndiaye,1990-10-27,17,1,England Stoke City
733,Senegal,H,MF,Cheikh N'Doye,1986-03-29,23,3,England Birmingham City
734,Senegal,H,MF,Cheikhou Kouyaté (captain),1989-12-21,46,2,England West Ham United
735,Senegal,H,MF,Idrissa Gueye,1989-09-26,58,1,England Everton
